article_link,headline,is_sarcastic
https://www.nytimes.com/2021/06/08/podcasts/the-daily/colonial-pipeline-jbs-ransomware-attacks.html,Who is Hacking the U.S. Economy?,1
https://www.nytimes.com/2021/06/07/podcasts/the-daily/benjamin-netanyahu-israel-coaltion.html,Will Netanyahu Fall?,1
https://www.nytimes.com/2021/06/06/podcasts/the-daily/andrea-smith-native-american.html,The Sunday Read: ‘The Native Scholar Who Wasn’t’,1
https://www.nytimes.com/2021/06/03/podcasts/the-daily/texas-legislature-voting-rights-conservatism.html,Inside the Texas Legislature,1
https://www.nytimes.com/2021/06/02/podcasts/the-daily/joe-manchin-joe-biden-democratic-party.html,Joe Manchin’s Motivations,1
https://www.nytimes.com/2021/06/01/podcasts/the-daily/tulsa-race-massacre-centenary.html,The Burning of Black Tulsa,1
https://www.nytimes.com/2021/05/28/podcasts/the-daily/day-x-part-1-shadow-army.html,"Day X, Part 1: Shadow Army?",1
https://www.nytimes.com/2021/05/27/podcasts/the-daily/belarus-ryanair-lukashenko-roman-protasevich.html,The Saga of Ryanair Flight 4978,1
https://www.nytimes.com/2021/05/26/podcasts/the-daily/gaza-hamas-israel-war.html,"Why Hamas Keeps Fighting, and Losing",1
https://www.nytimes.com/2021/05/25/podcasts/the-daily/free-speech-first-amendment-supreme-court.html,"A Cheerleader, a Snapchat Post and the Supreme Court",1
