﻿,title
0,Jacinda Ardern ran down four National supporters with her car this morning but due to electoral law we couldn’t report it until now
1,Six weird animals that have nothing to do with the election
2,"1pm Covid Health Update for 17th October, 2020"
3,National caucus convening to elect new leader for final 2 hours of the campaign
4,Judith Collins asking for two week extension on election due date
5,"Ardern reassures voters that Greens’ negotiating table will be a tiny, humiliating one"
6,Let me explain what I meant by Everyday New Zealanders
7,Flight to Los Angeles turned back after passengers decide they don’t want to go anymore
8,Cadbury rumoured to be releasing the Pineapple Trump
9,Māori Language Week with The Civilian
10,Air New Zealand identifies this enormous plot of unused land as possible second airport site
11,Ardern attempts to vaccinate Clarke Gayford live on television to prove that it’s safe
12,National Party scrambles to remove hundreds of supporters pre-planted over a week in advance
13,"Today in History: Reagan returns to White House after assassination attempt, tells Americans ‘don’t be afraid to get shot’"
14,Collins ‘popped in’ to Anglican church to briefly threaten God before voting
15,Two people in serious condition after incident involving NZ First bus
16,"LIVE: Jacinda Ardern vs. Judith Collins, First Debate"
17,Hundreds of Aucklanders arrested after illegal mass gathering on Harbour Bridge
18,Has Mr. Whippy gone too far by parking on our front lawns?
19,Government says it will now build just one really nice home
20,"Experts warn Harold the Giraffe “well past” typical giraffe life expectancy, may not have long"
21,Opinion: Treat your car by buying it extra petrol to snack on while you aren’t driving
22,Will Steve Hansen’s plan to stack two All Blacks on top of each other in a big coat pay dividends?
23,"Bridges: If kids become reliant on free lunches, how will they cope when we’re in power?"
24,More trouble for Spark as players start buffering on the field
25,Trump repeatedly asked Ardern if New Zealand gives asylum very often
26,Petrol companies promise prices will come back down once peace is restored to the Middle East
27,All Blacks unveil boat for Rugby World Cup 2019
28,"Police will have to wear silly Buckingham Palace hats from now on, says Police Minister"
29,"The moment I found out that you found out, I acted swiftly"
30,Entire caucus continues to follow Judith Collins everywhere as she struggles to undo mind control spell
31,An Introduction to Todd Muller
32,What’s in the Coronavirus Package?
33,Shane Jones asked to self-isolate after recent travel to Newshub studios
34,The Civilian’s guide to preparing for Coronavirus
35,"To ensure a factual campaign, all Labour Party advertising will be in question form"
36,Winston Peters claims vindication after not being charged in National Party SFO investigation
37,Mark Richardson accidentally outs self as human
38,Government may ban voting in effort to get more people to do it
39,Reporters deliver uplifting news to fleeing Japanese residents: they won’t miss any rugby
40,Jeremy Clarkson says at least Anne Frank kept her thoughts to herself
41,"Opinion: If these kids really care about the climate, why are they still breathing?"
42,Man finally gets out of bed after Cricket World Cup
43,David Seymour says ACT would make retirement age 69
44,Adorable: Trevor Mallard cradles drunk Shane Jones while Parliament in session
45,Selfish corporate media won’t send cameras to Amazon so we can watch it burn
46,Elderly couple told they still can’t watch Rugby World Cup even after putting router in centre of lounge
47,Petrol companies recommend fighting climate change by buying lots of petrol and not using it
48,Protester standing outside Parliament every day until climate action accepts he will eventually drown
49,Ihumātao escalates as Don Brash occupies portion of land set to be returned to iwi
50,Opinion: Baldwin Street is steeper because we’re on the bottom of the globe and it’s harder not to fall off
51,"Green Party still says 16-year-olds should be able to vote, just not allowed to make their ads anymore"
52,"Andrew Yang demonstrates dangers of AI future by replacing self with uncharismatic, lifeless robot"
53,"KiwiBuild house prices soar, finding new value as a collector’s item"
54,Simon Bridges only able to separate Collins from infrastructure portfolio with human sacrifice to Baal
55,"Shunned and isolated, depressed Israel Folau revises list of sins to remove “drunks”"
56,BREAKING: Treasury Secretary confirms emails hacked after they disappear from his outbox
57,"Sign language interpreter goes on colourful, profane, abusive rant for duration of Winston Peters’ budget address"
58,Robertson refuses to release budget; says you’ll just have to find it on the website
59,Kid on swing embodies Kiwi dream by going back and forth and never getting anywhere
60,Prime Minister John Key announces there will be no capital gains tax
61,Tax Working Group recommends The Big Short
62,RELIEF: New Zealand businesses won’t have to pay capital gains on these family homes
63,EMBARRASSING: Winning Melbourne Cup horse just ran around in a big circle like some kind of idiot
64,Nation to begin process of hiding Palmerston North for Harry and Meghan visit
65,How many Maureen Pughs is one Chinese worth?
66,"Opinion: Honestly, I am fucking useless"
67,Judith Collins loses all control of host body
68,Just how much of the $2 billion Kiwibuild fund has Phil Twyford spent on Fortnite?
69,David Seymour asks why the government needs to provide holidays when you can already buy them online
70,"As nation waits for baby, medical experts say it might just stay in there forever"
71,"Due to nationwide shortage of buzzy bee toys, New Plymouth sends Prime Minister actual bees"
72,Pregnant Auckland women hopeful their babies will be accidentally switched with the Prime Minister’s
73,Shortland Street special to depict the hospital scrambling to deliver Prime Minister’s baby
74,Opinion: Recent experiences have led me to believe that text voting would be a wonderful thing for our democracy
75,"Proctor struggles to explain why he also took two cans of beans, a beer, 60 dollars, and a bath"
76,Australian fruit brands promise items found in strawberries will be ‘more fun’ from now on
77,Recent whale sightings in Wellington may just be whales trying to stockpile plastic bags
78,Ardern reaffirms that she still won’t be firing Clare Curran
79,"Disappointment: Six weeks on, Jacinda Ardern’s daughter Neve has achieved nothing"
80,Teachers’ strike to be met with resistance by nationwide parents’ strike
81,Police hope to have speeding ticket gift vouchers available in time for Christmas
82,Winston Peters fired entire Cabinet on Thursday but every journalist was at the hospital
83,New Zealand celebrates separation of child from mother
84,Hundreds of journalists rushed to hospital following major incident
85,Opinion: All of this is why I chose not to have any other MPs
86,Water Whirler doubles in value after beaning titanic douchemonger
87,Government will provide therapy for business owners to help them feel more confident
88,"Far-right speaking event cancelled again, but ‘Phil Goff is a prick’ event to go ahead at council venues"
89,Opinion: Will Steven Adams at least play table tennis for New Zealand?
90,Can it get any worse? Now James Shaw can’t get his hand out of the garbage disposal
91,The Civilian’s 2017 Election Tracker
92,Did Andrew Little entertain hundreds of kids’ stupid bullshit for nothing?
93,Gareth Morgan promises a TOP coalition would raise Jacinda Ardern’s kids for her
94,How is Labour going to get this Andrew Little advertisement off the surface of the moon in time for election day?
95,Introducing The Civilian’s Election Special: How Will You Vote Will You Vote At All Will You Even Consider Voting for Gareth You Probably Shouldn’t – Part One
96,BUDGET 2018: Labour to pass increased cost of health onto Mark Richardson
97,Ardern’s baby to be sent to regions as part of coalition deal with NZ First
98,Government to ban vodka in desperate attempt to look like it’s doing something about Russia
99,Cricket Australia bans all players not involved in cheating for ‘failing to uphold the standards of Australian cricket’
100,Preliminary census results show that Russian spies only make up 1.3% of New Zealand population
101,"Steven Joyce reminds journalists that everyone said Copernicus was wrong, too"
102,Nation deeply divided over whether to put expected operating spending in categorised expenses row or operation allowances row
103,Labour’s new tax calculator lets you put in your income and creates a working group that will deliberate for two years on what you’ll pay
104,The Great Hosking Debate: A Debrief
105,"Hosking to be replaced in leaders debates by Jim Hickey, who will ask questions exclusively about the weather"
106,National promises ambitious new expressway between South Auckland and prison
107,"Peter Burling ruined parade by refusing to dress as Santa, say parents"
108,Spithill reveals Cup is useless; was just trying to get rid of it the whole time
109,Team New Zealand perfectly poised to lose 7-6
110,Hundreds injured in Police Ten 7 police brutality special
111,Sky’s new starter package just a cable in a box
112,"National hopes Simon Bridges will broaden its appeal to other young, Māori former Cabinet ministers"
113,Jeremy Wells can’t use own bathroom without being haunted by ghost of Mike Hosking
114,Oil from Simon Bridges’ hair causes horrific spill in Oriental Bay
115,Skirting the law: Was it legal for Jacinda Ardern to walk around malls all day wearing a bag over her head?
116,Bill English held a press conference to say he hates everyone but electoral law made it illegal to report until now
117,Grant Robertson breaking into people’s homes screaming ‘let’s do this’ in last ditch election eve effort
118,"David Seymour spent final day of campaign standing next to stack of his books saying ‘Hey, check these out’"
119,Farmers blame absence of Bill English for failure to summon Cow God
120,"Black Caps accused of score tampering using foreign objects Wagner, Watling, Raval and de Grandhomme"
121,Opinion: I would never listen to any of my employees
122,Todd Barclay made decision to resign after listening to himself on dictaphone
123,Simon Barnett devastated to learn his co-host of the last ten years isn’t the real Gary McCormick
124,Could this year’s America’s Cup be marred by the fact it’s a horrible sport where the winner makes the rules and nobody cares?
125,Hot take: Did the All Blacks deliberately lose every game they ever lost?
126,Hundreds of passengers stranded in Hamilton after their flights to Hamilton landed there
127,Bill English asks New Zealanders to please ‘look busy’ for US Secretary of state visit
128,National will offer family tax breaks to native birds at risk of extinction
129,"Winston Peters said nothing in talks with National, just walked around room with a box cutter"
130,"Look what you’ve done, New Zealand"
131,Bill English will early vote for himself tomorrow morning before he changes his mind
132,MetService apologises for mistaking cloud for cyclone
133,"After much deliberation over catchy ways to refer to storm, media settles on ‘Cyclone 2: Many Cook spoils the Beach’"
134,TVNZ measuring strength of storm in different locations by how wet and injured their reporters become
135,"In bid to ease tensions, Trump authorises firing 59 Pepsi cans at Syrian military base"
136,"Opinion: I, too, am a human. Look at my failure. It is like your failure."
137,"Tararua Mayor says rain falling at a 61 degree angle to total accumulation of 17.2mm on a Thursday is ‘one in 1,000 year event’"
138,"“I’m no hero,” says man who bravely rescued drowning boy so he could harvest his organs"
139,We’re just going to go ahead and report that Prince Philip is dead because it’ll be true soon enough anyway
140,"For first year on record, New Zealand weather more miserable than New Zealand humans"
141,"Opinion: Well, I like planes"
142,The Blues to tape over Sonny Bill Williams for upcoming fixtures
143,The Greens: Because you take great pride in riding your bicycle to your coal-heated workplace
144,Quick tips: Six fun ways you can prevent terrorism at home
145,Opinion: These bloody ambulances think they own the road. We’ve all got somewhere to be
146,Serious Fraud Office investigating ring of serial fraudsters pretending to be All Blacks so they can take photos with tourists
147,LIVE COVERAGE: Black Caps’ final game ever – Day 1
148,Wellington man wonders whether he might as well just start preloading for New Year’s right now
149,Trump Middle East peace plan derailed after discovering Israel already has a wall
150,Uh oh! Team NZ setback: What they’ve built isn’t even a boat
151,National election ad where Bill English defeats Andrew Little in climactic rap battle ‘just a massive coincidence’
152,Ransomware virus will only unlock users’ computers if Bill English hands over secret family pizza recipe
153,Five things you didn’t know about bananas because they aren’t true
154,FULL TEXT: President Trump’s dismissal letter to FBI Director James Comey
155,Mike Hosking finally done adjusting his sleeves
156,Gender bias: How would audiences respond differently if Trump was a washing machine and Clinton was a can opener?
157,All natural: how the ancient Aztecs drank chia seed smoothies from their local wankshop
158,"Council warns if Aucklanders don’t use less water, they’ll face the possibility of still having water"
159,"Opinion: I’m not lying, spinning or reciting disingenuous talking points. I sound like a robotic narcissist in private, too"
160,Quick tips: 13 subtle signs your house may be flooded and you need to evacuate
161,Government to shorten superannuation period by encouraging New Zealanders to live two years less long
162,Power outage allows man to rediscover joy of walking around in circles aimlessly
163,Talented rising star finally presented with career-ending noose she always wanted
164,Starved tigers and bears to be introduced to New Zealand as bio-control measure against humans
165,Opinion: What’s all the fuss about these rivers? I drank some water once and it wasn’t any bloody good
166,"Government vows that by 2040, 90% of New Zealand’s rivers will be ‘vaguely liquid in nature’"
167,Amazing discovery: New Zealand is part of an enormous underwater land mass called Earth
168,‘Why the hell do I have the same three panelists?’ Rove erupts as he learns he isn’t hosting The Project permanently
169,The Civilian is rebranding!
170,Dan Carter apology comes too late: thousands of kids already drink driving to emulate their hero
171,PM concedes tossing Gerry Brownlee down the hill to appease the fire was ‘probably a mistake’ but ‘he will be remembered’
172,Fears thousands of rubberneckers may be left with nowhere to go if fire is brought under control
173,Today in History: The time Bill English lost the election because he got carried away and had half a beer on St. Patrick’s Day
174,Political stunt backfires: Gareth Morgan trapped in glass case for days after no one realises he’s missing
175,Auckland father terrifies son by telling him of mythical place called ‘the provinces’
176,TV3 becomes ‘Three’ in final acknowledgement that it is no longer television
177,Bill English coming dangerously close to a heart attack every time he answers the phone
178,Record crowd turns out to watch grass dry in ‘fantastic showing’ at Napier
179,"I am honored to serve as the new Attorney General until such time as I, too, am fired"
180,"English: up to ‘others to decide’ whether ethnic cleansing is wrong, but ‘certainly not the direction we plan to take’"
181,Donald Trump sure hopes someone is reading these things he’s signing
182,Opinion: They’re saying I shouldn’t have citizenship but I’ve been here for at least several days
183,EXCLUSIVE: Five things that might not have happened on Richie McCaw’s honeymoon but are certainly physically possible
184,"At the current rate, MetService says it will ‘never rain again,’ and ‘we will all die’"
185,The Civilian’s 2016 – A Year in Rear-view
186,Christmas shoppers revisit annual moral crisis about whether Cadbury Favourites are still an acceptable gift
187,Kaikoura locals engage in vigorous debate about which man at table is Prime Minister
188,Scientists believe world veered off into bizarro timestream sometime in mid-June
189,Bill English – The Prime Minister who was there
190,Remembering John Key – A Civilian special feature
191,Bill English celebrated last night by using twice the amount of Listerine he usually does
192,20.9% of country thrilled
193,Careless? John Key left himself just one week to clear the browser history from all his Beehive computers
194,New Zealanders revelling in exciting week of live stream shots of hallways
195,English and Coleman’s inspiring stories: how they came from money and stayed there
196,Bill English has yet to make a decision on leadership bid; has to talk it over with his pot plants
197,"John Key makes shock decision to resign in middle of the day, rather than at the end of the day"
198,Have you seen this man? Last picture taken of Mitt Romney may hold clues to his whereabouts
199,Children told there won’t be any Christmas presents this year after Santa’s WINZ cheque didn’t come through
200,Crate Day special: Liquor stores offering one free liver with every crate purchased
201,Incredible pictures: aerial footage shows quake cracks spell out ‘Gary McCormick did nothing wrong’
202,Journalists spent months training kea to move road cones for summer news payoff
203,Rumours a run has occurred on Day 4 of the second test between the Black Caps and Pakistan
204,Marketing stunt gone wrong: Mike Hosking sucked into black hole created by his custom Dyson vacuum cleaner
205,Trump very close to naming who he will appoint as President
206,Today in History: How the 1931 Hawke’s Bay earthquake left the region without internet for 60 years
207,John Key wondering how long is appropriate to leave up Facebook pictures of him and the TPP on holiday together
208,"Letters to the Editor – 21st November, 2016"
209,Civil Defence evacuates whole of New Zealand after engineers discover structural issues with the country
210,God deeply frustrated Auckland’s gay people live nowhere near a fault line
211,Opinion: Everyone needs to calm down and give this KKK Grand Wizard I appointed to Secretary of State a chance
212,Bob Parker dangled over Wellington by helicopter to provide illusion of comfort
213,"Government pushes urgent legislation to end 2016, have New Year’s right now"
214,"At this point, nation just kind of resigned to Prime Minister Winston Peters"
215,"Obama reassures Americans that the sun will still come up in the morning, ‘at least for another 70 days’"
216,Holy shit
217,"On election eve, Trump team concedes he may still win despite ‘very best efforts’ to lose"
218,"After Ireland victory, fears that rugby could become dynamic game where multiple teams can win"
219,"Opinion: You can’t compare these entirely adequate TV shows to my perfect political party, and that should really be the end of it"
220,You won’t believe what David Bowie looks like now!
221,Opinion: You can’t compare Hosking or Henry’s entirely adequate breakfast shows to this bloody mad police show I used to host
222,New map shows what world REALLY looks like: Australia doesn’t even exist!
223,Opinion: You can’t compare Paul Henry or Mike Hosking’s entirely adequate breakfast shows to our perfect breakfast show
224,Melbourne Cup-goer makes incredible discovery of racing horses in middle of annual booze party
225,Opinion: You can’t compare Mike Hosking’s entirely adequate breakfast show to my perfect breakfast show
226,David Cunliffe retires from Parliament in desperate attempt to remind people he’s still in Parliament
227,Opinion: You can’t compare Paul Henry’s entirely adequate breakfast show to my perfect breakfast show
228,Domino’s delivery drone kills six at wedding
229,Andrew Little changes mind about marijuana legalisation after supporter offers him a joint
230,Kiwis just want to know whether their KiwiSaver investments in cluster bombs are doing well
231,TVNZ acknowledges experiment to cryogenically freeze man from 1920s and put him on TV today has failed
232,Hastings gastro outbreak just marketing stunt to promote new documentary about Hastings gastro outbreak
233,Michael Phelps announces he has collected enough gold medals to activate the doomsday device
234,Colin Craig opens defence with 23-page-long poem about his loins
235,Supposedly ‘waterproof’ iPhone 7 still can’t be thrown into rapids or fed to a shark
236,Stakes high in local board election as outcome could affect placement of tree relative to curb
237,Opinion: I think it’s fairly obvious I meant to send those sexy sexts to myself
238,"Asteroid that showed promising risk to all life will miss planet, NASA regretfully announces"
239,Horror: hundreds of shampoo bottles on their side
240,Richie McCaw film ‘Space Ruck’ to focus on time he helped cartoon characters fend off rugby players from space
241,"Government compensates David Bain with small gift bag, chocolates, and a new jersey"
242,Small cardboard box sells for $150k in Auckland
243,Lorde winning praise for donating small rounding error from her bank account
244,Leave voters disenchanted as they begin to realise UK is still in same geographical location
245,What’s in the 2016 Budget?
246,Nation prepares to commemorate Labour Day by gathering at grave of the Labour Party
247,Suspect leads police on harrowing 13-hour chase round Panmure roundabout
248,"With conclusion of Real Housewives of Auckland, man feels he can safely reconnect television"
249,Election advent calendar will reveal one new groping allegation against Donald Trump every day
250,Prime Minister under fire for taking whole 6 hours to respond to Aaron Smith having sex in toilet
251,VP Debate: Mike Pence forced to watch live feed of Donald Trump and defend him in real time
252,Steve Hansen assures public that All Blacks would ‘not normally’ have sex
253,UFO sighting over Auckland was just new Breakfast desk
254,Key tells UN that woman he said was unfit to be Prime Minister is fit to be Secretary General
255,"Angry French tourist may have a point, as historians say vandalism was also illegal in Nazi Germany"
256,NCEA debacle perfect opportunity for smug adults to demonstrate superiority to children
257,Helen Clark could still win Secretary General race if all other candidates die violently
258,"Christopher Luxon standing patiently outside Judith Collins’ office, tells her ‘let me know when you’re done’"
259,Gareth Morgan wins Mental Gymnast of the Decade at Halberg Awards
260,"Landlords threaten to install uneven stairs, put light switches in awkward places if bright-line test is extended"
261,Scientists begin search for elusive ‘capital gain particle’ to explain runaway housing market
262,First phase of trans-Tasman bubble will see quarantine-free travel for Australia’s deportees
263,National rejects tonight’s result as a ‘rogue poll’
264,Rio Olympic Schedule – August 21st
265,New Zealand wins Olympic medal for binge drinking
266,Trump announces Melania ‘will have to go back’ to Slovenia
267,"Olympic torchbearer mugged, torch missing"
268,Chiefs saga highlights need for children to be better role models for impressionable rugby players
269,Christchurch man can’t wait to build snowman out of mostly dirt tomorrow
270,Fans of Bill English’s Budget series worried he won’t be able to tie all plot threads together by the end
271,Fairlie firefighters to be charged after inhumane treatment of cone stuck up tree
272,Camera odds-on favourite to win The Bachelor after spending most time with Jordan
273,Academy appeases everyone by awarding Oscar to Black Leonardo DiCaprio
274,Crowdfunding initiative seeks to buy private house for all New Zealanders
275,Trump victory in New Hampshire a painful reminder of state’s heroin epidemic
276,Government to offer three years free tertiary education to one person only
277,Key champions fact that 100% of referendum votes were for a new flag
278,"Nation learns of Judith Collins’ reappointment via dead ravens on their lawn, darkening skies"
279,"After hepatitis berry scare, Government advising no one have sex with their berries"
280,Police just trying to keep guns as far away from Barry Soper as possible
281,Man with no ties to any terror group being monitored by GCSB ‘just in case’
282,How to rid your home of pesky tuatara this winter
283,TV3 heeds public feedback; will replace Campbell Live with show about petitions
284,No telling how large Mike Hosking’s erection is right now
285,"Misprint sees new bank notes feature David Bain, Nek Minute guy"
286,"Prime Minister assassinated, nuclear bomb detonated; no one notices because cricket"
287,Girl who wanted tea break will have plenty of time to eat when fired
288,"1080 arrest could have been made quicker if public had panicked more, say police"
289,Referendum will allow New Zealanders to vote on new flag quadrant-by-quadrant
290,Campbell signs off final show by going on reckless Mazda driving spree
291,"John Key signed to TVNZ as resident expert on politics, movies"
292,Wasp in Whittaker’s chocolate false alarm; was supposed to be there
293,Opinion: No one survives plane crashes anyway
294,Tourists take law into own hands by confiscating New Zealanders’ alcohol
295,"Spying justified because Nauru is ‘serious threat to New Zealand’, says Prime Minister"
296,GCSB not spying; just ‘inadvertently looking’
297,Dean Barker vows to construct death yacht to compete against Team New Zealand
298,X Factor to replace convicted killer with acquitted killer David Bain
299,New Zealand left defenceless as troops take army’s only gun to Iraq
300,MediaWorks confirms reruns of Road Cops is its new current affairs show
301,Jetstar passenger furious after missing flight that left on time
302,Prince Harry says it’s ‘inhumane’ how many New Zealanders live in cramped pens on side of the road
303,Opinion: John Key calls me every morning at 3am and I can’t take it anymore
304,"Getting completely smashed every night may be good for your health, say nutritionists"
305,MetService to replace detailed forecast with little man that either shivers or wears sunglasses
306,Beached whales were just trying to die
307,"New Zealand, Sri Lanka just stand around on field after both teams paid to lose"
308,Australian Government releases list of reasons global warming may actually be a great thing
309,Movie theatres ask Fifty Shades viewers to please ejaculate only into cups
310,"Police offer $56,000 reward to anyone who finds police commissioner’s car keys"
311,"Belgian PM urges calm, not to let terror affect way of life, ‘but also we’re shutting down everything.’"
312,A man refused to be served by a black air hostess. What happened next will generate advertising revenue
313,Nation starting to realise that nothing happens after winning World Cup
314,Lack of news calls for more pictures of lenticular clouds
315,Sky didn’t buy rights to Rugby World Cup playoffs; will just replay 2007 quarterfinal over and over
316,Jury to analyse Chris Cairns’ behaviour in Bridget Jones’s Diary
317,"Winston Peters’ hand-made Lego bridge probably won’t suffice, say Northlanders"
318,New X Factor judges somehow even less famous than previous X Factor judges
319,Man charged with ‘decent assault’ on other man following fist fight
320,Hallensteins gears up for annual Willy Moon costume sale
321,New Zealanders too busy putting chairs back up to help Vanuatu
322,"Natalia Kills, Willy Moon horrified to learn contestants have been singing other peoples’ songs"
323,Police release instructions on how best to panic about 1080 threat
324,Cunliffe’s plan to climb kauri tree may actually encourage it to be felled
325,Opinion: The mating of two Wiggles is unnatural and an affront to family values
326,Mad Butcher’s prices actually quite sensible
327,Indonesia may halt executions if Tony Abbott agrees to ‘dance like stupid monkey’
328,Colin Craig denies rumours he’ll be replaced with a wooden spoon
329,Disappointment as meteor misses Sky Tower
330,Peter Williams suspended for exaggerating story about this one time he had friends over
331,"Defence argues that ‘in a way, we all killed the Lundy family’"
332,Cricket World Cup will allow viewers to engage in interactive match-fixing
333,"Prime Minister, Governor General won’t be at Waitangi celebrations, as it’s a public holiday"
334,National to stand former MP Mike Sabin in Northland by-election
335,Reserve Bank announces that potato chips are now currency
336,Opinion: Can’t a hedgehog just get his head stuck in a cup without being humiliated on national news?
337,Couple may lose jobs after making nation upset about not having sex
338,School cuts costs by replacing playground with ‘bark pit of imagination’
339,Russel Norman to be replaced by two co-male-co-leaders
340,Police on hunt for obnoxious film students who disturbed creepy masked couple
341,"Second coming of hipster messiah David Farrier may be soon, believe hipsters"
342,The Luminaries fails to win local baking award due to tall poppy syndrome
343,Key hopes state housing plan will ensure no one like him ever becomes Prime Minister again
344,"Sean Plunket pre-emptively takes self to boss’s office, stays there"
345,"Key says there were better New Zealand novels than The Luminaries, such as Lord of the Rings"
346,Man who died was enormous bastard
347,Pakistani cricket team cannot rule out possibility that ghost tampered with ball
348,Tenuous connection to New Zealand found in major international news event
349,King Abdullah temporarily halts death hoax after dissatisfaction with mourning
350,Young man makes it through entire holiday period without dying
351,Why Maria Regina Sivori is our Mother of the Year and we don’t want to be punched by the Pope
352,Awkward misunderstanding after AC/DC drummer says band needs ‘two hits’
353,Surrounded sex offender still won’t come down from roof
354,Editorial: Why ISIL is great and we don’t want to die
355,The Civilian 2.0
356,"Key spoke to Cameron Slater ‘not as Prime Minister’, but as a sponge"
357,Winston Peters finally allowed on TV3 set after standing next to it for 78 hours
358,"Prime Minister issues Judith Collins with last, definitively final, absolutely penultimate warning"
359,Government to save $400 million by doing ice bucket challenge on behalf of whole country
,
,
,
,
,
,
,
,
,
,
,
,
,
,
,
,
,
,
,
,
,
,
,
,
,
,
,
,
,
,
,
,
,
,
,
,
,
,
,
,
,
,
,
,
,
,
,
,
,
,
,
,
,
,
,
,
,
,
,
,
,
,
,
,
,
,
,
,
,
,
,
,
,
,
,
,
,
,
,
,
,
,
,
,
,
,
,
,
,
,
,
,
,
,
,
,
,
,
,
,
,
,
,
,
,
,
,
,
,
,
,
,
,
,
,
,
,
,
,
,
,
,
,
,
,
,
,
,
,
,
,
,
,
,
,
,
,
,
,
,
,
,
,
,
,
,
,
,
,
,
,
,
,
,
,
,
,
,
,
,
,
,
,
,
,
,
,
,
,
,
,
,
,
,
,
,
,
,
,
,
,
,
,
,
,
,
,
,
,
,
,
,
,
,
,
,
,
,
,
,
,
,
,
,
,
,
,
,
,
,
,
,
,
,
,
,
,
,
,
,
,
,
,
,
,
,
,
,
,
,
,
,
,
,
,
,
,
,
,
,
,
,
,
,
,
,
,
,
,
,
,
,
,
,
,
,
,
,
,
,
,
,
,
,
,
,
,
,
,
,
,
,
,
,
,
,
,
,
,
,
,
,
,
,
,
,
,
,
,
,
,
,
,
,
,
,
,
,
,
,
,
,
,
,
,
,
,
,
,
,
,
,
,
,
,
,
,
,
,
,
,
,
,
,
,
,
,
,
,
,
,
,
,
,
,
,
,
,
,
,
,
,
,
,
,
,
,
,
,
,
,
,
,
,
,
,
,
,
,
,
,
,
,
,
,
,
,
,
,
,
,
,
,
,
,
,
,
,
,
,
,
,
,
,
,
,
,
,
,
,
,
,
,
,
,
,
,
,
,
,
,
,
,
,
,
,
,
,
,
,
,
,
,
,
,
,
,
,
,
,
,
,
,
,
,
,
,
,
,
,
,
,
,
,
,
,
,
,
,
,
,
,
,
,
,
,
,
,
,
,
,
,
,
,
,
,
,
,
,
,
,
,
,
,
,
,
,
,
,
,
,
,
,
,
,
,
,
,
,
,
,
,
,
,
,
,
,
,
,
,
,
,
,
,
,
,
,
,
,
,
,
,
,
,
,
,
,
,
,
,
,
,
,
,
,
,
,
,
,
,
,
,
,
,
,
,
,
,
,
,
,
,
,
,
,
,
,
,
,
,
,
,
,
,
,
,
,
,
,
,
,
,
,
,
,
,
,
,
,
,
,
,
,
,
,
,
,
,
,
,
,
,
,
,
,
,
,
,
,
,
,
,
,
,
,
,
,
,
,
,
,
,
,
,
,
,
,
,
,
,
,
,
,
,
,
,
,
,
,
,
,
,
,
,
,
,
,
,
,
,
,
,
,
,
,
,
,
,
,
,
,
,
,
,
,
,
,
,
,
